year,month,tmax_c,tmin_c,frost_days,rain_mm
1900,1,5.7,0.4,16,47.3
1900,2,3.6,-2.3,19,93.8
1900,3,5.7,-0.1,12,35.7
1900,4,12.4,2.7,6,24.3
1900,5,13.2,5.0,1,30.3
1900,6,18.1,8.8,0,79.9
1900,7,21.1,12.3,0,28.5
1900,8,17.6,9.9,0,130.3
1900,9,17.3,8.4,0,17.2
1900,10,12.4,4.6,2,137.7
1900,11,8.6,3.9,4,60.8
1900,12,8.9,4.0,4,46.3
1901,1,5.0,-0.4,17,27.2
1901,2,4.5,-0.5,17,28.9
1901,3,7.0,0.4,11,35.4
1901,4,12.4,2.6,5,24.6
1901,5,14.7,5.0,1,42.2
1901,6,17.8,7.6,0,31.1
1901,7,22.4,12.0,0,65.0
1901,8,20.2,10.5,0,56.6
1901,9,16.5,9.4,0,35.0
1901,10,12.4,4.5,3,60.2
1901,11,8.3,2.0,10,129.9
1901,12,5.0,0.2,15,48.1
1902,1,6.6,1.4,14,13.3
1902,2,3.3,-2.1,16,26.4
1902,3,9.5,1.7,5,14.1
1902,4,10.8,2.0,6,37.3
1902,5,11.0,3.7,3,57.9
1902,6,15.6,7.5,0,50.1
1902,7,17.6,9.0,0,69.9
1902,8,16.4,8.4,0,45.1
1902,9,15.9,8.2,0,23.1
1902,10,11.8,5.9,0,53.2
1902,11,8.9,3.9,5,28.3
1902,12,6.9,2.0,12,52.1
1903,1,5.3,-0.2,13,57.9
1903,2,9.0,2.9,6,26.7
1903,3,9.3,2.2,5,30.6
1903,4,9.2,0.6,13,35.2
1903,5,12.8,5.1,1,68.6
1903,6,15.4,7.2,0,60.8
1903,7,18.0,10.1,0,122.8
1903,8,17.2,9.1,0,42.0
1903,9,15.4,7.9,0,59.5
1903,10,11.9,6.1,0,201.8
1903,11,8.4,2.2,8,52.1
1903,12,4.4,0.3,11,25.6
1904,1,6.0,0.9,13,44.8
1904,2,4.7,-0.1,15,42.0
1904,3,6.6,0.4,13,31.2
1904,4,12.1,4.0,0,25.6
1904,5,13.3,5.4,1,74.9
1904,6,16.5,8.4,0,33.1
1904,7,19.5,11.0,0,43.3
1904,8,18.4,9.9,0,63.1
1904,9,16.2,7.4,0,25.0
1904,10,12.7,4.9,4,18.5
1904,11,8.3,2.1,9,45.6
1904,12,5.8,-0.2,16,35.2
1905,1,6.6,1.2,13,9.1
1905,2,7.4,1.4,9,18.3
1905,3,10.2,2.2,4,30.8
1905,4,9.7,2.2,5,72.5
1905,5,13.8,5.0,2,8.1
1905,6,17.9,8.8,0,17.5
1905,7,21.7,11.4,0,19.1
1905,8,17.6,9.9,0,69.3
1905,9,15.4,8.1,0,56.4
1905,10,10.4,3.2,4,56.8
1905,11,7.1,1.9,9,116.8
1905,12,7.5,2.8,1,13.1
1906,1,6.9,2.1,4,57.7
1906,2,5.4,-0.9,17,27.0
1906,3,7.6,0.8,12,34.2
1906,4,11.6,0.2,15,22.1
1906,5,12.6,5.6,3,94.6
1906,6,18.1,8.8,0,21.1
1906,7,19.7,9.7,0,35.1
1906,8,20.1,11.1,0,64.9
1906,9,17.5,8.0,0,11.7
1906,10,12.8,6.5,0,113.4
1906,11,9.7,4.6,3,72.3
1906,12,5.1,-0.1,19,50.3
1907,1,5.8,0.5,14,13.8
1907,2,5.9,-0.7,17,26.4
1907,3,10.6,0.6,10,21.6
1907,4,10.7,2.9,4,51.4
1907,5,12.1,5.2,0,94.6
1907,6,15.2,7.7,0,77.0
1907,7,16.9,8.7,0,39.7
1907,8,17.3,9.2,0,38.0
1907,9,17.4,7.2,1,6.3
1907,10,12.5,5.6,2,142.0
1907,11,8.5,2.5,8,48.2
1907,12,6.4,1.2,8,72.6
1908,1,5.1,-0.7,18,27.3
1908,2,8.1,1.4,8,27.7
1908,3,6.5,0.3,13,74.5
1908,4,8.4,1.6,8,70.7
1908,5,15.6,6.9,0,45.4
1908,6,17.5,7.9,0,11.8
1908,7,19.0,10.2,0,63.7
1908,8,17.4,9.2,0,51.7
1908,9,16.3,9.0,0,42.0
1908,10,15.1,7.7,0,33.8
1908,11,9.4,2.7,6,27.4
1908,12,5.3,-0.1,13,17.1
1909,1,5.6,-0.3,17,15.1
1909,2,5.6,-0.6,18,35.3
1909,3,5.6,-0.2,14,108.1
1909,4,13.1,2.6,5,56.8
1909,5,14.7,4.5,4,33.5
1909,6,15.2,6.6,0,48.4
1909,7,18.0,10.0,0,55.7
1909,8,19.2,10.3,0,74.5
1909,9,14.1,7.3,0,50.4
1909,10,12.5,5.5,4,53.3
1909,11,7.6,1.4,12,19.3
1909,12,5.3,0.4,13,79.4
1910,1,5.5,-0.3,15,55.0
1910,2,6.3,0.7,12,53.0
1910,3,9.6,2.0,6,16.0
1910,4,10.0,2.0,4,61.1
1910,5,13.3,5.1,2,42.1
1910,6,17.8,8.5,0,60.8
1910,7,17.0,9.5,0,73.4
1910,8,18.4,10.7,0,62.2
1910,9,15.6,7.3,0,9.5
1910,10,13.0,7.1,0,73.8
1910,11,5.4,-0.4,16,75.7
1910,12,7.9,3.1,2,48.7
1911,1,6.4,0.6,9,37.1
1911,2,7.4,1.1,11,21.1
1911,3,6.5,1.5,4,43.8
1911,4,9.9,3.4,6,27.6
1911,5,16.0,6.8,0,17.7
1911,6,18.2,7.7,0,90.7
1911,7,22.2,10.3,0,16.4
1911,8,20.6,11.7,0,50.5
1911,9,17.4,7.5,0,41.2
1911,10,11.2,5.0,4,61.9
1911,11,8.0,2.5,7,89.9
1911,12,7.5,2.3,4,86.5
1912,1,4.9,-0.2,14,79.0
1912,2,6.5,1.0,8,49.2
1912,3,9.4,3.1,4,49.0
1912,4,12.5,2.5,5,2.4
1912,5,14.5,5.7,1,57.5
1912,6,16.1,8.8,0,111.7
1912,7,17.2,10.4,0,89.5
1912,8,15.4,8.1,0,105.9
1912,9,13.9,6.5,0,42.6
1912,10,11.6,3.8,4,65.3
1912,11,8.4,2.7,8,50.5
1912,12,8.1,1.8,4,38.2
1913,1,4.8,0.1,14,64.3
1913,2,7.3,0.8,11,16.7
1913,3,8.1,1.2,7,56.0
1913,4,10.1,3.4,2,101.6
1913,5,13.7,5.9,1,63.6
1913,6,17.6,8.5,0,25.4
1913,7,17.2,9.5,0,22.5
1913,8,18.9,9.1,0,46.8
1913,9,16.9,9.4,0,71.1
1913,10,12.6,6.5,3,67.4
1913,11,10.4,4.3,3,30.1
1913,12,6.7,1.6,9,28.8
1914,1,6.1,0.7,12,36.2
1914,2,9.1,3.0,2,33.2
1914,3,8.4,1.6,7,34.6
1914,4,14.7,3.2,2,8.7
1914,5,14.1,4.9,3,35.7
1914,6,18.9,7.8,0,113.8
1914,7,19.0,10.3,0,66.9
1914,8,19.5,10.0,0,36.6
1914,9,17.4,7.2,2,41.7
1914,10,13.0,6.2,0,48.5
1914,11,9.0,3.1,6,87.4
1914,12,6.0,0.9,9,115.3
1915,1,5.6,0.8,10,52.9
1915,2,6.2,0.4,10,63.1
1915,3,8.4,0.8,11,52.4
1915,4,11.3,2.4,4,14.5
1915,5,12.8,3.8,3,55.5
1915,6,17.8,7.5,1,9.4
1915,7,18.4,9.6,0,90.1
1915,8,19.0,10.0,0,76.4
1915,9,16.5,7.2,0,39.0
1915,10,11.7,4.1,3,32.4
1915,11,5.7,-0.3,16,40.1
1915,12,5.8,1.2,7,133.7
1916,1,9.8,3.7,2,16.1
1916,2,5.7,-0.2,15,73.5
1916,3,4.5,-0.3,17,90.5
1916,4,11.7,2.7,5,39.3
1916,5,14.5,5.3,0,61.4
1916,6,14.6,6.8,0,42.0
1916,7,19.5,10.0,0,59.2
1916,8,20.0,10.7,0,81.5
1916,9,16.3,7.6,0,36.5
1916,10,12.5,4.9,5,62.4
1916,11,9.5,3.8,4,65.8
1916,12,4.7,-0.9,17,62.8
1917,1,3.3,0.0,20,80.4
1917,2,3.8,-2.0,17,21.9
1917,3,5.9,-1.4,23,52.5
1917,4,8.5,0.2,15,46.2
1917,5,15.2,5.5,1,76.6
1917,6,18.7,7.8,0,34.5
1917,7,20.2,9.9,0,26.1
1917,8,18.7,11.0,0,157.0
1917,9,17.3,8.9,0,24.6
1917,10,11.2,2.8,5,50.3
1917,11,10.5,4.6,2,22.7
1917,12,4.8,-0.3,18,67.4
1918,1,5.8,-0.3,14,50.7
1918,2,8.1,2.3,6,31.4
1918,3,8.0,1.3,4,31.5
1918,4,8.9,2.4,2,36.6
1918,5,16.9,6.3,1,35.2
1918,6,17.9,7.0,0,8.1
1918,7,19.7,9.7,0,86.1
1918,8,19.2,10.8,0,35.8
1918,9,14.2,6.4,0,116.8
1918,10,11.8,5.3,0,49.6
1918,11,8.0,0.8,14,29.4
1918,12,7.9,2.3,8,62.4
1919,1,3.9,-0.5,14,69.4
1919,2,3.9,-1.7,16,40.5
1919,3,5.8,-1.0,17,73.1
1919,4,11.1,2.5,6,39.1
1919,5,16.8,5.6,1,20.9
1919,6,18.3,8.0,0,22.5
1919,7,17.4,8.4,0,48.5
1919,8,19.9,9.7,0,59.1
1919,9,17.2,7.2,1,19.7
1919,10,11.8,2.6,1,119.7
1919,11,5.4,-0.5,13,91.6
1919,12,6.3,0.9,5,57.6
1920,1,6.9,0.9,9,65.1
1920,2,8.5,1.4,6,21.2
1920,3,9.8,2.0,7,69.0
1920,4,9.7,3.2,2,67.5
1920,5,14.7,6.0,1,84.0
1920,6,17.7,7.7,1,21.7
1920,7,17.0,9.6,0,108.2
1920,8,17.5,8.0,0,32.3
1920,9,16.9,7.3,0,26.7
1920,10,13.0,5.5,0,56.0
1920,11,9.2,3.7,4,21.1
1920,12,6.2,0.7,14,80.7
1921,1,8.7,2.3,3,77.4
1921,2,7.3,0.8,11,3.7
1921,3,10.1,2.1,6,18.4
1921,4,12.4,2.4,6,31.4
1921,5,15.8,4.6,1,45.8
1921,6,19.0,7.3,0,19.6
1921,7,21.2,10.5,0,37.4
1921,8,17.8,9.7,0,104.6
1921,9,17.7,8.1,0,16.7
1921,10,16.2,7.7,1,33.0
1921,11,6.8,0.5,11,63.3
1921,12,9.3,2.7,5,39.0
1922,1,4.1,-1.5,19,80.7
1922,2,5.8,-0.3,14,48.2
1922,3,6.8,0.5,8,39.5
1922,4,8.7,-0.1,15,49.5
1922,5,16.2,6.4,1,13.5
1922,6,18.0,7.3,0,37.6
1922,7,17.0,8.1,0,115.2
1922,8,16.5,8.4,0,59.4
1922,9,14.1,6.8,0,95.8
1922,10,11.1,4.1,1,38.0
1922,11,9.1,2.1,8,18.9
1922,12,7.5,1.8,7,86.5
1923,1,8.6,2.5,5,25.0
1923,2,5.7,1.1,11,89.1
1923,3,8.5,1.8,5,39.8
1923,4,9.0,2.3,3,50.1
1923,5,11.6,3.4,1,63.9
1923,6,15.5,7.1,0,24.4
1923,7,20.7,11.3,0,39.2
1923,8,18.7,10.1,0,76.0
1923,9,15.5,7.3,0,34.9
1923,10,12.2,4.5,2,47.6
1923,11,5.8,-0.1,13,83.2
1923,12,4.8,-0.5,17,58.1
1924,1,5.7,0.1,13,40.6
1924,2,5.8,0.0,16,25.6
1924,3,6.9,-2.7,28,24.6
1924,4,9.9,1.5,8,44.8
1924,5,13.1,5.9,0,154.0
1924,6,16.7,7.6,0,50.1
1924,7,18.4,10.0,0,98.9
1924,8,17.2,9.1,0,59.0
1924,9,15.6,8.6,0,72.9
1924,10,12.7,5.6,2,70.0
1924,11,9.0,3.6,4,31.5
1924,12,8.6,3.5,0,55.5
1925,1,6.8,1.2,5,42.3
1925,2,6.7,0.7,9,58.1
1925,3,7.7,1.3,9,41.7
1925,4,10.1,2.1,5,80.3
1925,5,14.2,6.1,1,58.9
1925,6,18.1,7.9,0,1.7
1925,7,21.1,10.9,0,52.6
1925,8,18.3,9.8,0,66.9
1925,9,14.5,6.1,0,59.8
1925,10,13.5,4.8,3,63.9
1925,11,5.8,-0.8,20,57.8
1925,12,4.3,-1.2,18,79.4
1926,1,5.9,0.7,12,53.1
1926,2,7.8,2.4,6,40.2
1926,3,8.9,1.8,5,19.7
1926,4,12.6,3.3,2,23.0
1926,5,12.7,4.0,3,42.6
1926,6,17.1,8.0,0,77.2
1926,7,20.3,11.5,0,80.5
1926,8,20.0,10.5,0,59.5
1926,9,17.1,8.6,0,56.4
1926,10,10.6,2.9,9,70.3
1926,11,7.7,1.4,7,89.7
1926,12,6.9,1.1,8,17.7
1927,1,6.6,0.7,12,26.6
1927,2,7.1,0.1,13,16.8
1927,3,9.5,2.4,2,36.4
1927,4,10.7,2.4,8,32.7
1927,5,12.5,4.0,2,39.5
1927,6,15.3,6.0,1,77.0
1927,7,18.1,10.3,0,96.5
1927,8,18.6,9.9,0,158.3
1927,9,15.0,7.5,0,92.4
1927,10,13.1,5.2,2,36.2
1927,11,8.1,2.1,10,53.4
1927,12,3.0,-0.8,12,70.7
1928,1,7.0,0.6,6,60.9
1928,2,8.1,1.1,11,28.2
1928,3,7.3,1.2,9,56.3
1928,4,10.9,2.5,7,18.5
1928,5,12.5,4.5,2,40.6
1928,6,15.1,6.5,0,117.4
1928,7,19.0,9.9,0,38.9
1928,8,18.7,9.9,0,64.5
1928,9,15.7,7.0,0,17.2
1928,10,12.1,5.0,2,62.5
1928,11,9.7,3.7,2,56.9
1928,12,5.3,-0.7,18,36.3
1929,1,3.4,-0.9,19,39.8
1929,2,2.2,-3.6,22,24.7
1929,3,11.7,0.8,10,4.2
1929,4,9.0,0.9,7,24.8
1929,5,14.8,4.7,1,22.7
1929,6,16.5,7.4,0,40.5
1929,7,19.9,9.5,0,58.5
1929,8,18.2,9.8,0,71.6
1929,9,18.9,8.3,0,32.4
1929,10,12.4,4.4,5,49.1
1929,11,8.7,2.3,5,65.3
1929,12,7.0,1.6,8,78.9
1930,1,7.1,1.0,10,89.7
1930,2,4.1,-0.6,14,42.3
1930,3,7.6,0.3,12,62.4
1930,4,9.8,3.7,0,54.9
1930,5,13.0,4.5,2,38.6
1930,6,18.7,8.4,0,29.2
1930,7,17.9,10.4,0,183.9
1930,8,19.1,10.2,0,113.2
1930,9,15.1,8.8,0,77.7
1930,10,12.5,5.8,0,50.0
1930,11,8.3,1.5,9,80.0
1930,12,6.0,0.0,14,63.8
1931,1,5.3,-0.5,16,50.3
1931,2,5.6,-0.3,15,30.5
1931,3,6.4,-1.4,22,37.7
1931,4,10.0,2.9,2,78.6
1931,5,14.1,5.4,1,70.6
1931,6,16.2,8.3,0,92.0
1931,7,18.2,10.6,0,101.6
1931,8,16.5,8.8,0,56.1
1931,9,14.7,6.4,1,84.4
1931,10,12.3,3.8,7,27.0
1931,11,9.2,3.3,3,53.3
1931,12,7.4,0.8,12,25.0
1932,1,8.6,1.5,12,37.7
1932,2,6.7,1.0,8,26.4
1932,3,7.5,0.6,7,56.7
1932,4,9.6,1.5,6,32.5
1932,5,11.8,5.4,1,104.2
1932,6,16.4,7.7,0,29.7
1932,7,18.5,11.0,0,110.6
1932,8,19.3,10.7,0,65.6
1932,9,15.8,7.6,2,55.4
1932,10,11.0,4.1,1,101.3
1932,11,8.4,3.2,5,18.8
1932,12,7.5,3.0,3,23.4
1933,1,4.5,-1.2,16,42.5
1933,2,6.1,0.6,11,85.3
1933,3,11.0,1.8,7,27.2
1933,4,12.2,4.4,2,26.4
1933,5,13.8,6.5,0,59.3
1933,6,19.1,8.9,0,36.4
1933,7,21.8,11.9,0,44.7
1933,8,21.5,11.4,0,24.1
1933,9,18.0,9.4,0,54.2
1933,10,12.6,6.0,0,79.0
1933,11,8.0,2.8,3,90.5
1933,12,4.2,0.0,15,50.0
1934,1,7.1,1.1,6,30.1
1934,2,8.4,1.6,8,10.9
1934,3,8.1,0.7,7,64.6
1934,4,10.2,3.1,3,94.0
1934,5,15.0,5.4,0,32.9
1934,6,17.8,8.5,0,53.3
1934,7,21.7,11.4,0,55.5
1934,8,18.9,9.6,0,61.8
1934,9,18.2,8.3,0,43.0
1934,10,12.9,6.3,1,79.4
1934,11,8.6,3.3,5,60.6
1934,12,9.0,4.5,1,104.0
1935,1,7.1,1.1,10,57.2
1935,2,8.0,1.9,6,81.3
1935,3,9.5,2.9,4,15.2
1935,4,10.2,3.2,4,81.3
1935,5,12.6,4.1,3,20.4
1935,6,18.2,9.1,0,71.1
1935,7,21.4,10.6,0,7.7
1935,8,21.4,10.7,0,50.6
1935,9,16.1,7.9,0,135.1
1935,10,12.4,4.7,3,91.9
1935,11,8.6,3.0,2,103.2
1935,12,4.6,0.4,14,45.2
1936,1,5.1,0.6,9,86.6
1936,2,4.6,-1.5,15,87.7
1936,3,9.0,2.9,3,59.4
1936,4,9.8,1.5,6,37.0
1936,5,13.9,5.7,0,42.3
1936,6,17.9,7.8,0,88.1
1936,7,18.9,11.0,0,77.0
1936,8,20.4,10.9,0,52.4
1936,9,16.8,10.4,0,68.6
1936,10,12.9,4.9,1,34.5
1936,11,8.6,1.7,6,62.0
1936,12,7.6,1.7,9,45.0
1937,1,6.7,1.6,10,69.6
1937,2,6.8,1.1,6,77.2
1937,3,5.4,-0.4,17,78.9
1937,4,10.8,4.4,2,56.4
1937,5,15.4,6.6,0,70.5
1937,6,17.5,9.1,0,43.2
1937,7,19.7,11.4,0,79.8
1937,8,20.2,11.0,0,38.0
1937,9,16.5,7.7,0,39.8
1937,10,13.0,6.0,0,42.2
1937,11,8.1,3.0,6,34.1
1937,12,4.4,-0.4,13,161.4
1938,1,7.8,2.5,2,50.4
1938,2,7.4,2.2,5,28.5
1938,3,13.1,5.6,1,7.6
1938,4,11.6,2.8,7,2.2
1938,5,14.0,4.8,4,87.0
1938,6,17.6,8.8,0,68.6
1938,7,18.6,10.0,0,58.6
1938,8,18.9,10.3,0,40.3
1938,9,17.2,8.7,0,61.0
1938,10,13.0,6.2,0,79.9
1938,11,10.9,5.0,1,59.5
1938,12,6.2,1.4,7,105.3
1939,1,5.4,0.6,15,121.8
1939,2,8.2,2.3,3,18.5
1939,3,8.7,2.0,3,72.3
1939,4,11.9,3.9,1,28.4
1939,5,15.2,5.6,1,33.8
1939,6,18.3,7.9,0,63.0
1939,7,19.0,10.4,0,79.0
1939,8,19.7,11.5,0,109.0
1939,9,17.2,9.3,0,35.0
1939,10,11.7,4.1,3,142.6
1939,11,10.3,4.5,0,63.4
1939,12,5.8,1.3,9,32.2
1940,1,1.6,-4.6,28,40.9
1940,2,3.4,-0.8,15,50.8
1940,3,9.0,1.5,11,46.8
1940,4,10.7,2.7,5,39.6
1940,5,16.5,5.6,0,39.7
1940,6,22.3,9.2,0,33.2
1940,7,18.6,9.0,0,133.4
1940,8,18.7,9.5,0,21.2
1940,9,16.1,7.1,0,33.0
1940,10,11.5,5.8,1,77.9
1940,11,8.9,3.3,3,88.1
1940,12,5.9,1.4,5,53.3
1941,1,1.8,-2.7,18,85.2
1941,2,4.5,-1.6,15,152.5
1941,3,7.1,-0.1,15,63.8
1941,4,8.9,2.1,4,27.0
1941,5,12.8,3.9,3,30.1
1941,6,18.6,9.0,0,21.7
1941,7,22.0,11.5,0,36.3
1941,8,18.2,9.8,0,58.2
1941,9,18.4,9.9,0,12.8
1941,10,13.3,5.8,1,90.8
1941,11,8.8,2.5,4,88.3
1941,12,8.8,2.8,6,14.5
1942,1,3.0,-1.7,21,49.3
1942,2,2.8,-3.4,26,42.2
1942,3,7.6,-0.6,19,27.3
1942,4,12.3,2.6,3,20.5
1942,5,14.8,4.2,4,39.2
1942,6,18.6,7.9,0,28.5
1942,7,19.3,9.3,0,76.1
1942,8,19.6,11.1,0,51.2
1942,9,17.0,8.0,1,67.3
1942,10,14.0,6.0,1,43.4
1942,11,8.4,1.7,6,16.8
1942,12,8.3,1.4,9,52.8
1943,1,5.8,-0.5,15,80.1
1943,2,9.7,1.0,9,19.1
1943,3,10.7,1.1,10,16.2
1943,4,14.0,4.5,2,24.5
1943,5,16.1,4.9,2,58.3
1943,6,18.3,8.3,0,29.9
1943,7,19.7,9.0,0,39.3
1943,8,18.8,9.6,0,98.4
1943,9,16.6,7.3,0,87.2
1943,10,13.6,5.1,1,42.3
1943,11,8.4,2.3,7,44.5
1943,12,7.0,0.4,11,29.9
1944,1,8.7,1.6,10,22.5
1944,2,6.4,0.2,11,55.1
1944,3,9.5,0.5,11,9.7
1944,4,13.7,4.1,1,54.4
1944,5,15.0,4.9,1,43.9
1944,6,16.9,7.2,0,54.4
1944,7,19.2,10.4,0,86.4
1944,8,20.4,11.1,0,36.5
1944,9,16.0,6.9,0,131.4
1944,10,11.8,5.1,0,82.5
1944,11,8.5,2.3,2,126.2
1944,12,6.1,1.2,11,34.1
1945,1,3.5,-2.5,20,92.8
1945,2,9.8,3.3,3,36.9
1945,3,12.5,2.8,8,11.6
1945,4,13.8,4.0,3,32.8
1945,5,15.6,6.1,2,78.2
1945,6,17.9,9.1,0,53.6
1945,7,21.3,11.4,0,40.9
1945,8,19.6,10.6,0,85.5
1945,9,18.0,9.1,0,48.2
1945,10,15.3,7.0,0,93.8
1945,11,10.0,4.7,1,22.3
1945,12,6.7,1.8,6,34.3
1946,1,5.1,-0.4,14,33.3
1946,2,8.4,2.2,8,8.1
1946,3,8.8,1.4,12,35.9
1946,4,13.9,4.6,1,46.0
1946,5,13.4,4.8,0,55.4
1946,6,17.2,7.9,0,43.7
1946,7,20.3,10.8,0,75.8
1946,8,18.0,9.4,0,91.9
1946,9,16.3,9.0,0,100.4
1946,10,11.6,5.9,3,41.1
1946,11,9.9,4.7,0,121.4
1946,12,5.7,0.7,11,69.6
1947,1,4.7,0.1,14,48.0
1947,2,0.6,-2.9,26,80.5
1947,3,4.7,-1.1,16,97.9
1947,4,11.1,4.0,2,87.7
1947,5,16.7,6.6,0,49.6
1947,6,18.5,10.1,0,47.8
1947,7,20.2,12.0,0,56.2
1947,8,23.0,11.4,0,7.7
1947,9,19.1,8.8,0,42.7
1947,10,14.6,6.5,0,14.0
1947,11,9.0,2.7,8,52.7
1947,12,7.4,2.2,7,38.3
1948,1,6.2,1.6,4,188.0
1948,2,6.9,1.7,5,29.1
1948,3,11.9,3.1,3,20.2
1948,4,12.9,3.8,0,35.1
1948,5,14.9,4.6,4,29.2
1948,6,16.2,8.2,0,83.7
1948,7,19.2,10.5,0,42.8
1948,8,17.4,10.0,0,96.8
1948,9,16.6,9.0,0,98.8
1948,10,13.5,5.6,3,39.5
1948,11,9.4,3.4,7,34.1
1948,12,7.2,1.6,9,58.0
1949,1,7.9,1.1,11,14.5
1949,2,8.6,1.7,6,12.6
1949,3,8.3,1.3,11,28.3
1949,4,14.0,5.6,0,38.7
1949,5,15.9,5.1,0,15.5
1949,6,19.5,7.9,0,33.0
1949,7,21.2,11.2,0,50.8
1949,8,20.5,11.3,0,44.5
1949,9,19.4,11.1,0,20.0
1949,10,14.5,7.3,2,61.9
1949,11,8.9,3.3,2,100.2
1949,12,7.9,2.3,4,52.0
1950,1,6.4,1.8,11,41.6
1950,2,7.0,0.8,9,76.8
1950,3,11.1,2.8,2,20.8
1950,4,10.6,2.6,6,33.2
1950,5,12.9,5.9,0,37.9
1950,6,20.6,9.8,0,19.6
1950,7,19.8,10.9,0,100.4
1950,8,18.9,9.8,0,122.3
1950,9,15.6,8.4,0,106.8
1950,10,12.8,5.9,2,22.9
1950,11,8.3,2.5,4,140.8
1950,12,3.3,-1.2,18,80.6
1951,1,5.5,-0.1,14,29.2
1951,2,5.9,0.2,9,61.9
1951,3,7.1,-0.3,19,85.5
1951,4,10.3,1.7,4,28.6
1951,5,11.8,4.6,0,99.5
1951,6,16.8,7.4,0,23.0
1951,7,20.3,10.7,0,43.2
1951,8,18.1,10.0,0,105.5
1951,9,17.5,8.9,0,26.8
1951,10,13.3,5.9,2,44.5
1951,11,10.5,5.0,2,140.4
1951,12,7.3,1.3,10,56.8
1952,1,4.2,-0.8,15,42.3
1952,2,6.9,0.5,13,10.7
1952,3,8.8,2.2,6,30.6
1952,4,13.3,3.7,3,43.4
1952,5,17.4,7.4,0,27.0
1952,6,18.8,8.7,0,29.6
1952,7,20.9,11.1,0,16.0
1952,8,19.5,10.7,0,55.7
1952,9,14.2,6.8,0,107.3
1952,10,11.5,5.3,1,73.4
1952,11,6.6,1.1,8,78.0
1952,12,5.1,0.2,12,56.9
1953,1,6.8,1.5,7,13.4
1953,2,7.3,1.6,11,51.4
1953,3,11.9,0.6,10,1.3
1953,4,10.3,1.8,6,51.0
1953,5,16.5,7.5,0,42.2
1953,6,16.6,8.6,0,60.7
1953,7,18.6,10.4,0,58.3
1953,8,19.9,10.6,0,129.1
1953,9,17.6,9.1,0,30.8
1953,10,12.7,4.5,1,41.3
1953,11,10.3,5.3,0,25.0
1953,12,8.4,3.4,4,17.4
1954,1,5.1,0.2,14,56.7
1954,2,3.9,-1.3,15,48.0
1954,3,7.7,1.5,4,33.6
1954,4,11.1,2.7,4,10.1
1954,5,14.2,6.4,0,120.0
1954,6,15.8,8.9,0,40.3
1954,7,17.7,9.7,0,47.0
1954,8,16.8,10.0,0,124.7
1954,9,16.0,6.9,1,49.2
1954,10,14.1,7.5,0,106.4
1954,11,9.1,3.1,2,90.7
1954,12,8.7,2.9,7,54.3
1955,1,3.9,-0.7,13,54.0
1955,2,2.9,-2.2,18,60.7
1955,3,6.3,-0.7,16,42.4
1955,4,13.3,4.1,2,14.1
1955,5,12.5,4.1,0,41.1
1955,6,15.8,7.7,0,63.8
1955,7,22.1,10.7,0,24.7
1955,8,21.2,11.6,0,15.6
1955,9,18.0,8.9,0,18.6
1955,10,12.8,4.5,4,35.5
1955,11,9.3,4.4,4,44.6
1955,12,6.9,1.3,10,69.1
1956,1,5.3,-0.3,15,82.5
1956,2,3.3,-3.1,22,54.1
1956,3,8.2,1.6,8,12.7
1956,4,10.2,0.7,11,18.9
1956,5,16.1,5.8,0,13.7
1956,6,16.0,7.9,0,81.2
1956,7,18.2,10.9,0,47.2
1956,8,16.1,8.6,0,175.7
1956,9,16.5,9.3,0,48.4
1956,10,12.9,5.8,0,33.6
1956,11,8.6,2.9,4,16.3
1956,12,7.5,2.3,11,44.0
1957,1,7.8,2.2,6,43.5
1957,2,7.1,0.2,13,57.2
1957,3,11.2,4.4,3,25.9
1957,4,11.9,3.1,4,6.9
1957,5,13.9,4.8,2,39.5
1957,6,19.3,7.7,0,32.8
1957,7,18.6,11.9,0,76.7
1957,8,17.7,10.8,0,77.1
1957,9,14.9,7.5,0,85.7
1957,10,13.6,5.6,2,38.0
1957,11,9.0,4.0,2,32.5
1957,12,6.9,1.2,9,34.4
1958,1,5.0,-0.8,14,34.9
1958,2,6.2,0.4,14,94.1
1958,3,5.5,-0.7,18,55.3
1958,4,10.8,2.5,9,30.3
1958,5,13.6,5.0,1,91.8
1958,6,15.8,8.2,0,71.9
1958,7,19.1,10.2,0,51.2
1958,8,19.1,10.6,0,62.6
1958,9,17.7,9.9,0,43.8
1958,10,13.7,5.8,0,34.2
1958,11,8.7,2.3,7,12.2
1958,12,6.3,1.7,6,82.5
1959,1,3.6,-2.2,25,50.7
1959,2,6.9,0.8,13,15.1
1959,3,9.8,3.1,1,14.5
1959,4,13.0,3.7,4,38.2
1959,5,16.4,6.1,0,13.3
1959,6,19.0,9.1,0,61.1
1959,7,21.4,10.9,0,31.1
1959,8,21.7,11.2,0,6.4
1959,9,19.4,7.8,0,17.7
1959,10,15.7,7.5,0,25.0
1959,11,9.5,3.2,4,89.6
1959,12,7.6,2.2,1,77.1
1960,1,6.0,0.4,14,107.5
1960,2,5.9,-0.2,15,57.1
1960,3,7.2,2.6,1,44.3
1960,4,13.1,3.8,2,27.3
1960,5,16.1,6.2,1,49.8
1960,6,20.1,9.6,0,5.3
1960,7,18.4,9.8,0,84.4
1960,8,18.4,9.5,0,59.3
1960,9,16.2,8.5,0,56.3
1960,10,12.1,7.1,0,172.4
1960,11,8.7,2.6,2,71.0
1960,12,6.0,0.8,9,48.6
1961,1,5.5,0.1,10,103.4
1961,2,9.2,2.7,3,28.4
1961,3,12.3,3.8,1,23.4
1961,4,11.9,4.8,2,59.7
1961,5,13.8,5.8,0,48.4
1961,6,18.1,8.9,0,47.6
1961,7,18.0,9.9,0,93.4
1961,8,19.2,9.6,0,81.9
1961,9,18.4,9.6,0,40.6
1961,10,13.3,6.2,0,76.5
1961,11,8.3,2.4,7,26.5
1961,12,4.0,-1.8,20,80.0
1962,1,6.9,0.7,9,48.7
1962,2,7.5,1.3,7,20.6
1962,3,5.7,-1.8,18,27.4
1962,4,11.3,2.7,1,52.9
1962,5,13.8,5.5,1,59.0
1962,6,17.5,7.5,0,20.9
1962,7,17.2,9.2,0,58.1
1962,8,17.3,9.3,0,64.0
1962,9,15.7,7.9,0,70.2
1962,10,13.8,6.2,2,13.2
1962,11,7.9,1.4,9,72.8
1962,12,4.7,-2.2,23,67.6
1963,1,2.1,-3.2,28,74.4
1963,2,1.5,-3.9,28,71.8
1963,3,8.2,1.2,8,42.7
1963,4,11.4,4.4,0,41.7
1963,5,14.1,5.7,0,24.6
1963,6,17.5,9.6,0,77.7
1963,7,18.6,9.8,0,33.3
1963,8,17.2,9.2,0,93.7
1963,9,16.7,7.3,0,45.2
1963,10,13.6,6.3,0,33.4
1963,11,9.2,4.0,3,96.8
1963,12,5.7,0.2,10,37.3
1964,1,6.3,0.1,16,10.8
1964,2,6.7,0.6,12,25.0
1964,3,5.2,0.8,10,92.9
1964,4,12.1,4.7,1,51.8
1964,5,16.7,7.4,0,24.6
1964,6,16.7,8.8,0,66.6
1964,7,19.2,10.2,0,41.5
1964,8,19.0,9.7,0,44.0
1964,9,18.0,8.2,0,39.5
1964,10,12.5,4.5,1,36.9
1964,11,9.9,2.9,8,28.7
1964,12,5.5,-1.3,19,54.9
1965,1,5.5,-0.5,14,90.7
1965,2,6.1,0.7,8,26.8
1965,3,7.7,-0.4,16,51.2
1965,4,11.9,2.6,4,60.3
1965,5,14.5,5.7,1,60.7
1965,6,18.3,8.5,0,35.4
1965,7,16.9,8.3,0,93.9
1965,8,18.2,8.7,0,55.0
1965,9,15.3,8.4,0,95.6
1965,10,13.7,6.3,1,20.4
1965,11,6.2,0.6,16,186.1
1965,12,5.5,-0.4,10,38.5
1966,1,3.9,-0.8,19,50.6
1966,2,6.0,0.6,12,98.6
1966,3,10.2,2.2,6,9.6
1966,4,7.9,2.3,6,79.9
1966,5,15.1,5.3,0,57.0
1966,6,18.5,10.0,0,62.5
1966,7,18.7,9.5,0,67.5
1966,8,17.3,9.8,0,112.6
1966,9,17.1,9.3,0,27.1
1966,10,12.6,5.7,0,100.9
1966,11,8.4,2.2,4,49.1
1966,12,6.7,0.9,8,49.6
1967,1,6.3,0.2,12,32.3
1967,2,7.8,2.2,6,53.0
1967,3,9.6,3.2,3,23.5
1967,4,11.5,3.2,3,37.9
1967,5,12.6,4.8,2,97.9
1967,6,17.9,8.0,0,34.6
1967,7,19.3,10.5,0,69.3
1967,8,19.0,10.2,0,115.3
1967,9,16.6,8.5,0,52.8
1967,10,12.8,6.1,0,87.0
1967,11,8.5,0.8,9,81.3
1967,12,7.0,0.2,13,34.3
1968,1,6.4,0.2,15,25.2
1968,2,4.6,-2.0,23,54.2
1968,3,9.7,2.1,8,30.1
1968,4,12.2,2.2,11,47.7
1968,5,12.7,3.6,3,49.3
1968,6,18.6,8.4,0,50.6
1968,7,16.8,9.6,0,102.4
1968,8,17.8,10.7,0,42.2
1968,9,17.0,9.2,0,113.6
1968,10,14.6,8.6,0,65.0
1968,11,7.8,3.9,1,65.6
1968,12,4.6,0.4,13,97.3
1969,1,7.1,1.0,11,47.9
1969,2,3.0,-2.6,20,88.5
1969,3,5.0,-0.5,16,85.9
1969,4,10.7,2.1,6,45.5
1969,5,13.1,5.9,0,102.0
1969,6,18.1,8.1,0,78.0
1969,7,20.4,11.4,0,44.3
1969,8,19.9,11.7,0,35.8
1969,9,17.1,9.9,0,58.4
1969,10,15.7,8.7,0,9.6
1969,11,6.9,1.0,12,116.9
1969,12,5.0,0.3,13,45.7
1970,1,5.0,-0.2,14,90.1
1970,2,5.5,-1.2,14,47.7
1970,3,7.5,-0.3,13,32.4
1970,4,9.7,2.0,10,49.4
1970,5,16.0,7.2,0,22.7
1970,6,20.3,9.5,0,18.6
1970,7,18.4,10.8,0,46.7
1970,8,20.1,11.3,0,63.5
1970,9,17.4,10.0,0,34.3
1970,10,13.9,6.3,0,22.8
1970,11,9.2,3.0,5,62.6
1970,12,6.6,2.0,6,72.1
1971,1,6.3,1.2,11,45.8
1971,2,7.8,1.3,7,16.7
1971,3,8.2,1.8,9,62.0
1971,4,10.7,3.5,3,48.8
1971,5,15.5,5.9,1,47.7
1971,6,14.8,7.6,0,59.0
1971,7,20.7,11.1,0,32.3
1971,8,18.2,10.9,0,127.7
1971,9,18.2,9.3,0,12.8
1971,10,14.4,6.5,5,20.9
1971,11,8.4,2.6,11,47.7
1971,12,9.1,3.9,4,19.7
1972,1,5.1,1.2,10,116.0
1972,2,5.7,1.0,6,56.0
1972,3,8.9,1.9,4,51.9
1972,4,11.7,4.4,1,30.6
1972,5,13.9,5.8,0,57.3
1972,6,15.4,7.2,0,59.6
1972,7,19.0,9.8,0,50.9
1972,8,18.8,10.1,0,14.6
1972,9,15.5,6.9,0,23.8
1972,10,13.5,5.9,1,11.9
1972,11,8.5,2.4,7,52.7
1972,12,7.0,1.7,8,26.0
1973,1,6.3,1.7,10,27.3
1973,2,7.7,0.8,11,12.1
1973,3,10.7,2.3,5,9.1
1973,4,9.7,2.3,6,70.5
1973,5,14.1,6.2,0,56.8
1973,6,18.8,9.9,0,35.2
1973,7,19.2,10.6,0,78.3
1973,8,19.0,10.1,0,66.2
1973,9,16.7,8.9,0,48.8
1973,10,11.8,5.2,1,41.0
1973,11,7.9,1.7,10,21.6
1973,12,7.0,0.5,12,36.5
1974,1,7.7,1.8,5,74.7
1974,2,7.5,2.1,7,45.3
1974,3,7.7,1.6,7,52.3
1974,4,9.6,2.6,3,16.5
1974,5,15.1,5.7,1,19.7
1974,6,16.7,7.9,1,34.4
1974,7,18.2,9.8,0,65.4
1974,8,18.5,9.8,0,48.4
1974,9,15.0,7.4,0,65.4
1974,10,10.0,4.4,0,76.1
1974,11,8.5,2.9,4,55.1
1974,12,9.6,3.6,4,35.7
1975,1,8.8,2.4,6,43.9
1975,2,6.3,0.8,12,21.6
1975,3,7.6,0.7,13,45.0
1975,4,11.6,3.7,5,59.5
1975,5,12.2,3.7,1,49.6
1975,6,18.6,7.8,0,24.8
1975,7,20.1,11.7,0,61.5
1975,8,22.8,12.4,0,84.5
1975,9,16.1,7.9,0,78.6
1975,10,12.5,5.1,3,20.5
1975,11,8.7,2.0,7,34.2
1975,12,8.4,2.3,3,22.5
1976,1,7.4,2.1,10,46.2
1976,2,6.5,1.7,5,17.5
1976,3,7.1,1.1,8,26.0
1976,4,10.7,3.5,4,31.4
1976,5,14.5,6.5,0,78.9
1976,6,20.3,10.4,0,24.9
1976,7,22.1,10.7,0,30.0
1976,8,21.9,9.9,0,18.4
1976,9,15.4,8.6,0,193.2
1976,10,12.8,6.7,0,142.6
1976,11,8.0,1.5,11,22.8
1976,12,4.0,-0.5,16,50.9
1977,1,4.5,-0.8,17,101.0
1977,2,5.9,0.9,6,63.6
1977,3,9.2,2.7,5,54.8
1977,4,10.3,2.6,5,33.0
1977,5,13.6,4.7,1,35.3
1977,6,15.9,7.2,0,63.4
1977,7,18.8,10.3,0,9.4
1977,8,18.6,10.1,0,37.8
1977,9,16.1,8.5,0,16.3
1977,10,13.5,7.7,0,41.5
1977,11,8.4,2.9,4,74.2
1977,12,7.4,2.8,4,63.9
1978,1,4.8,-0.9,17,80.8
1978,2,3.7,-2.0,19,71.3
1978,3,9.9,2.8,4,29.5
1978,4,9.4,2.4,5,34.4
1978,5,15.4,6.0,0,53.1
1978,6,17.0,8.5,0,32.8
1978,7,17.8,9.8,0,61.4
1978,8,17.7,10.7,0,92.7
1978,9,16.6,10.0,0,51.4
1978,10,14.5,8.3,0,20.3
1978,11,10.7,4.7,5,24.7
1978,12,4.7,0.1,14,195.5
1979,1,2.4,-3.5,23,49.6
1979,2,2.8,-1.1,18,30.6
1979,3,6.4,0.9,13,166.0
1979,4,10.0,3.4,1,44.7
1979,5,12.8,4.6,4,96.5
1979,6,17.8,9.1,0,49.3
1979,7,19.6,11.0,0,25.3
1979,8,18.0,9.8,0,67.3
1979,9,16.7,8.4,0,39.2
1979,10,13.5,7.5,0,54.5
1979,11,9.4,2.8,7,69.1
1979,12,6.9,2.4,8,91.0
1980,1,4.0,-0.1,18,66.2
1980,2,6.8,2.3,5,55.4
1980,3,6.9,0.7,9,95.6
1980,4,12.4,4.1,3,16.5
1980,5,14.6,4.6,1,37.4
1980,6,16.6,9.0,0,191.4
1980,7,18.0,10.0,0,55.7
1980,8,18.9,10.9,0,92.7
1980,9,17.5,10.0,0,27.0
1980,10,11.5,4.7,2,67.2
1980,11,8.8,3.8,6,61.8
1980,12,8.1,2.7,7,41.8
1981,1,7.1,0.1,20,28.3
1981,2,5.5,0.3,13,31.7
1981,3,9.6,3.1,5,113.5
1981,4,10.8,3.1,3,49.7
1981,5,15.1,6.3,2,47.7
1981,6,16.5,8.8,0,25.6
1981,7,19.2,10.6,0,36.4
1981,8,20.3,10.8,0,33.5
1981,9,18.3,9.5,0,117.2
1981,10,10.9,3.3,5,95.0
1981,11,10.5,3.7,3,56.6
1981,12,2.9,-3.3,21,58.1
1982,1,4.8,-2.1,14,64.6
1982,2,7.4,1.5,7,11.4
1982,3,9.3,1.8,6,29.6
1982,4,13.1,3.6,3,11.8
1982,5,15.5,5.5,3,26.5
1982,6,17.0,9.8,0,113.7
1982,7,19.2,11.2,0,25.5
1982,8,19.3,11.2,0,59.5
1982,9,18.0,8.7,0,34.3
1982,10,12.2,6.4,1,89.8
1982,11,9.3,4.4,2,68.8
1982,12,6.3,0.2,15,49.6
1983,1,8.5,2.9,5,30.3
1983,2,4.2,-1.2,17,52.3
1983,3,9.0,2.9,2,58.6
1983,4,9.3,2.0,8,102.6
1983,5,12.1,5.5,0,102.4
1983,6,17.0,8.7,0,38.4
1983,7,22.9,12.6,0,20.2
1983,8,21.1,11.4,0,41.9
1983,9,16.1,9.1,0,61.4
1983,10,13.2,6.2,3,36.2
1983,11,9.2,4.2,6,33.0
1983,12,8.1,2.2,7,98.1
1984,1,4.8,-0.5,20,83.7
1984,2,5.6,0.4,12,27.7
1984,3,6.9,1.9,4,52.2
1984,4,12.4,2.5,7,12.9
1984,5,13.9,4.4,3,30.7
1984,6,17.7,9.2,0,36.8
1984,7,21.2,10.4,0,21.4
1984,8,20.9,10.8,0,55.7
1984,9,16.0,9.3,0,96.3
1984,10,14.1,6.8,0,39.8
1984,11,9.5,5.2,0,134.3
1984,12,7.1,1.6,8,23.9
1985,1,3.3,-1.5,22,82.0
1985,2,5.5,-1.4,19,5.7
1985,3,7.7,0.6,12,62.1
1985,4,11.0,4.0,4,74.8
1985,5,13.5,5.9,0,63.9
1985,6,15.9,6.9,0,34.6
1985,7,19.0,10.7,0,59.6
1985,8,17.6,10.2,0,81.5
1985,9,17.5,9.5,0,51.9
1985,10,14.1,7.5,1,21.2
1985,11,6.4,0.2,12,68.1
1985,12,7.5,2.3,12,40.5
1986,1,5.0,-0.3,14,63.1
1986,2,1.8,-3.0,23,37.6
1986,3,7.8,0.8,11,38.8
1986,4,8.4,1.7,5,109.5
1986,5,14.4,6.7,0,65.5
1986,6,18.1,8.9,0,32.1
1986,7,19.2,10.8,0,24.2
1986,8,15.9,8.7,0,169.1
1986,9,16.2,6.4,0,28.0
1986,10,13.7,6.3,0,31.0
1986,11,10.5,4.3,1,36.2
1986,12,7.8,2.4,2,74.2
1987,1,2.9,-1.5,18,39.1
1987,2,6.5,0.2,12,34.7
1987,3,7.2,0.5,14,81.2
1987,4,13.5,5.0,0,59.4
1987,5,13.3,4.9,0,42.7
1987,6,15.1,7.7,0,92.4
1987,7,19.0,11.1,0,84.9
1987,8,18.3,11.1,0,53.7
1987,9,16.7,8.6,0,46.2
1987,10,11.8,5.1,3,99.6
1987,11,8.9,3.4,3,61.3
1987,12,8.2,3.0,7,34.7
1988,1,7.0,1.3,7,79.8
1988,2,7.5,1.4,7,34.4
1988,3,9.1,1.7,9,54.5
1988,4,11.6,3.8,5,26.0
1988,5,14.8,5.9,0,58.0
1988,6,18.4,9.4,0,16.2
1988,7,17.9,10.4,0,115.1
1988,8,19.3,10.2,0,46.0
1988,9,16.6,8.5,0,44.3
1988,10,13.0,6.7,3,75.8
1988,11,9.0,2.0,6,64.7
1988,12,10.1,4.4,0,27.9
1989,1,9.5,3.1,2,7.2
1989,2,8.6,2.1,9,47.6
1989,3,10.8,2.2,7,20.7
1989,4,9.7,2.3,5,50.3
1989,5,16.5,6.3,0,7.7
1989,6,19.0,8.0,0,52.1
1989,7,22.5,11.2,0,10.1
1989,8,20.2,10.7,0,61.5
1989,9,18.0,8.7,0,11.7
1989,10,14.7,6.9,0,48.5
1989,11,9.2,2.9,7,34.8
1989,12,6.6,0.5,11,63.7
1990,1,8.7,2.1,6,72.6
1990,2,9.6,3.1,5,60.4
1990,3,12.1,4.2,4,14.1
1990,4,12.7,2.3,6,10.1
1990,5,16.6,5.8,0,42.1
1990,6,17.3,8.1,0,46.3
1990,7,20.6,9.7,0,30.9
1990,8,22.3,11.8,0,52.8
1990,9,16.5,7.7,0,43.2
1990,10,13.8,7.8,0,78.7
1990,11,9.2,3.5,4,53.1
1990,12,7.2,1.6,4,93.3
1991,1,5.5,-0.9,20,47.1
1991,2,4.9,-0.8,20,80.0
1991,3,10.8,3.6,2,60.8
1991,4,11.1,3.1,4,27.7
1991,5,14.4,6.2,0,19.3
1991,6,15.7,6.8,1,53.9
1991,7,21.0,11.4,0,43.9
1991,8,21.3,11.1,0,21.2
1991,9,18.1,7.5,1,24.3
1991,10,12.6,5.8,1,50.0
1991,11,9.1,1.6,8,60.0
1991,12,7.8,-0.1,14,44.6
1992,1,7.1,0.0,15,22.7
1992,2,9.1,1.7,8,34.0
1992,3,10.4,3.0,3,62.7
1992,4,11.9,4.1,2,95.0
1992,5,16.6,6.6,1,19.0
1992,6,19.7,9.5,0,20.2
1992,7,19.6,10.7,0,54.1
1992,8,18.8,9.8,0,68.8
1992,9,15.7,8.5,0,97.7
1992,10,10.5,3.2,7,61.0
1992,11,9.8,2.4,6,60.9
1992,12,5.9,0.0,16,44.7
1993,1,8.3,1.1,10,40.1
1993,2,8.2,2.1,7,15.6
1993,3,10.1,1.8,8,10.1
1993,4,11.8,4.4,2,94.9
1993,5,14.3,5.8,0,92.7
1993,6,18.1,8.9,0,31.4
1993,7,18.6,10.2,0,42.0
1993,8,18.6,9.1,0,89.4
1993,9,15.2,7.7,0,117.6
1993,10,11.0,4.2,5,73.6
1993,11,5.9,0.7,12,64.6
1993,12,6.3,1.0,15,77.7
1994,1,6.5,1.0,12,70.8
1994,2,4.7,-1.3,15,53.4
1994,3,10.0,3.0,3,31.7
1994,4,11.0,3.4,4,37.8
1994,5,12.9,5.0,1,45.9
1994,6,17.7,9.0,0,22.2
1994,7,21.3,10.6,0,44.2
1994,8,18.4,10.0,0,49.1
1994,9,15.3,7.6,0,69.2
1994,10,12.6,5.0,1,58.7
1994,11,11.5,5.2,2,61.9
1994,12,8.1,2.4,7,66.7
1995,1,5.9,0.3,14,75.2
1995,2,8.3,2.6,4,62.1
1995,3,8.1,0.9,14,39.5
1995,4,12.3,3.6,8,27.5
1995,5,15.3,5.8,2,31.2
1995,6,17.3,8.3,0,16.2
1995,7,21.6,11.7,0,24.5
1995,8,23.1,11.3,0,14.2
1995,9,16.7,8.7,0,86.2
1995,10,15.6,8.0,2,25.2
1995,11,10.0,4.0,5,116.1
1995,12,4.5,-0.9,15,87.6
1996,1,5.1,1.9,5,29.9
1996,2,5.7,-0.7,19,66.7
1996,3,5.4,1.2,9,25.9
1996,4,11.5,3.7,8,33.8
1996,5,12.6,3.9,3,36.0
1996,6,18.2,7.9,0,8.6
1996,7,20.1,10.2,0,46.8
1996,8,20.7,10.6,0,71.8
1996,9,16.4,8.8,0,24.6
1996,10,14.3,6.9,0,36.3
1996,11,7.9,1.8,13,77.3
1996,12,5.1,0.4,13,62.5
1997,1,5.3,-0.3,19,13.8
1997,2,9.0,2.2,3,71.6
1997,3,11.8,3.9,4,12.4
1997,4,12.7,4.1,4,5.8
1997,5,14.6,4.9,4,54.5
1997,6,16.0,9.0,0,174.4
1997,7,20.8,11.1,0,67.0
1997,8,22.0,12.3,0,48.1
1997,9,17.2,8.0,0,11.3
1997,10,13.1,5.4,3,31.7
1997,11,10.2,5.0,2,68.2
1997,12,7.9,2.7,4,82.8
1998,1,6.8,1.4,6,92.0
1998,2,10.9,4.3,5,6.1
1998,3,11.0,3.1,7,59.3
1998,4,10.6,3.4,5,151.0
1998,5,16.3,7.3,0,71.8
1998,6,16.8,9.1,0,97.8
1998,7,18.5,10.5,0,52.6
1998,8,18.7,11.0,0,44.9
1998,9,16.7,10.3,0,53.4
1998,10,12.8,5.9,1,96.9
1998,11,8.3,1.7,6,64.9
1998,12,7.8,1.5,8,27.3
1999,1,7.7,1.6,6,57.5
1999,2,8.2,1.4,10,15.6
1999,3,9.9,3.1,2,92.7
1999,4,12.6,4.0,6,42.5
1999,5,15.8,7.6,0,50.2
1999,6,16.7,8.3,0,67.2
1999,7,20.8,11.5,0,12.1
1999,8,19.0,10.8,0,81.3
1999,9,19.6,10.2,0,52.0
1999,10,13.6,6.1,1,42.6
1999,11,10.3,4.3,3,46.8
1999,12,6.3,0.7,13,64.1
2000,1,7.9,1.9,6,35.1
2000,2,8.7,2.4,6,29.5
2000,3,10.8,3.6,4,21.0
2000,4,11.0,3.4,5,149.8
2000,5,15.2,6.5,0,46.0
2000,6,17.2,9.4,0,89.4
2000,7,17.8,10.4,0,49.4
2000,8,20.2,10.9,0,43.8
2000,9,17.3,9.7,0,84.2
2000,10,13.0,6.0,1,119.2
2000,11,8.8,3.4,0,148.4
2000,12,6.8,2.3,11,72.4
2001,1,5.7,0.1,15,46.2
2001,2,7.4,-0.4,16,103.6
2001,3,7.5,0.1,11,43.4
2001,4,10.5,3.0,3,59.8
2001,5,16.7,6.4,0,15.0
2001,6,16.8,8.9,0,38.2
2001,7,20.1,12.0,0,13.2
2001,8,20.3,11.7,0,76.3
2001,9,16.0,9.7,0,74.7
2001,10,15.7,9.9,0,77.1
2001,11,11.0,4.2,3,35.8
2001,12,6.0,0.3,17,54.4
2002,1,7.5,1.5,12,37.0
2002,2,9.3,2.8,4,83.6
2002,3,11.1,2.8,4,37.4
2002,4,13.3,4.1,4,19.4
2002,5,15.1,7.6,0,53.0
2002,6,17.5,9.9,0,47.0
2002,7,19.3,10.6,0,79.6
2002,8,20.5,12.7,0,91.2
2002,9,17.4,9.5,0,25.2
2002,10,12.4,5.4,3,86.0
2002,11,9.6,4.6,1,83.8
2002,12,6.4,3.5,4,92.2
2003,1,7.0,2.2,9,62.0
2003,2,6.8,-0.7,17,18.0
2003,3,12.1,2.0,8,17.6
2003,4,14.0,4.3,5,24.0
2003,5,15.8,7.7,0,44.4
2003,6,19.6,10.9,0,61.0
2003,7,20.4,12.8,0,50.4
2003,8,21.0,12.2,0,15.9
2003,9,18.3,8.9,0,41.1
2003,10,12.8,5.0,2,41.5
2003,11,10.5,4.4,4,45.7
2003,12,7.7,0.9,14,65.0
2004,1,7.6,2.4,7,97.0
2004,2,8.8,3.0,8,29.0
2004,3,10.4,2.9,4,24.5
2004,4,13.1,5.9,1,54.4
2004,5,16.5,6.2,0,21.8
2004,6,18.7,10.1,0,67.6
2004,7,19.1,10.9,0,62.8
2004,8,20.0,12.5,0,155.8
2004,9,17.6,9.7,0,19.8
2004,10,12.6,6.6,0,120.2
2004,11,10.0,4.3,6,18.2
2004,12,8.3,1.7,10,19.8
2005,1,8.4,2.7,6,35.6
2005,2,6.9,1.3,9,41.5
2005,3,9.7,3.7,6,44.8
2005,4,11.7,4.1,1,82.0
2005,5,14.9,6.2,1,20.4
2005,6,18.6,10.0,0,36.2
2005,7,19.7,11.7,0,72.6
2005,8,20.2,10.5,0,38.0
2005,9,18.7,9.7,0,63.8
2005,10,14.6,8.9,0,74.6
2005,11,9.4,2.4,11,71.6
2005,12,7.3,1.2,10,37.8
2006,1,6.3,1.3,9,20.6
2006,2,7.0,1.1,9,44.2
2006,3,6.7,0.8,14,79.2
2006,4,12.0,3.9,3,24.0
2006,5,15.1,6.3,1,84.4
2006,6,19.7,9.9,0,13.0
2006,7,24.2,12.4,0,10.0
2006,8,19.2,11.5,0,57.4
2006,9,20.0,11.8,0,35.0
2006,10,15.5,8.6,0,53.2
2006,11,11.0,4.5,1,125.5
2006,12,7.6,2.2,9,77.4
2007,1,9.5,3.1,5,56.2
2007,2,8.5,2.1,8,70.0
2007,3,10.2,3.3,4,20.8
2007,4,15.4,6.0,0,11.4
2007,5,14.8,6.9,0,50.0
2007,6,17.4,9.9,0,118.8
2007,7,19.0,10.9,0,100.2
2007,8,19.2,10.6,0,30.6
2007,9,17.4,8.8,0,39.4
2007,10,14.2,6.1,3,13.0
2007,11,10.4,3.9,3,61.2
2007,12,6.5,1.1,14,52.6
2008,1,7.9,2.8,7,113.2
2008,2,8.9,0.7,11,13.4
2008,3,9.1,1.9,7,38.4
2008,4,11.2,3.3,4,84.0
2008,5,15.7,7.1,1,21.2
2008,6,17.8,9.1,0,77.0
2008,7,20.1,11.4,0,134.0
2008,8,19.1,12.2,0,95.4
2008,9,16.6,9.6,0,97.7
2008,10,12.8,5.2,2,45.2
2008,11,9.0,3.7,6,40.8
2008,12,6.4,0.6,12,57.0
2009,1,6.0,0.4,11,39.4
2009,2,7.6,2.0,12,35.6
2009,3,11.0,3.0,4,21.2
2009,4,13.7,4.3,1,36.8
2009,5,16.0,6.8,0,38.2
2009,6,17.9,8.9,0,77.8
2009,7,19.7,11.4,0,168.8
2009,8,20.1,12.1,0,37.2
2009,9,17.9,9.5,0,14.4
2009,10,14.0,7.1,0,46.2
2009,11,10.4,4.7,0,146.6
2009,12,5.1,-0.5,16,80.8
2010,1,3.5,-1.1,16,59.8
2010,2,4.6,-1.0,20,67.6
2010,3,9.7,2.0,10,68.2
2010,4,13.5,4.1,2,12.4
2010,5,15.0,5.2,3,24.0
2010,6,19.4,9.5,0,56.0
2010,7,20.3,12.1,0,62.0
2010,8,19.1,10.1,0,44.8
2010,9,17.9,9.8,0,75.8
2010,10,13.0,6.4,1,62.2
2010,11,7.6,2.0,9,157.3
2010,12,2.7,-3.4,21,40.7
2011,1,6.3,0.5,13,36.0
2011,2,8.4,2.8,2,58.2
2011,3,10.5,2.1,8,24.8
2011,4,16.5,5.9,1,7.2
2011,5,16.0,7.4,1,40.0
2011,6,18.6,8.8,0,48.4
2011,7,19.5,9.7,0,65.6
2011,8,18.6,10.6,0,125.0
2011,9,18.1,10.2,0,28.4
2011,10,14.6,8.2,0,53.8
2011,11,11.4,6.0,2,27.2
2011,12,7.5,2.3,6,51.6
2012,1,7.7,1.5,8,30.4
2012,2,8.1,1.8,11,10.2
2012,3,13.7,3.6,3,15.0
2012,4,10.8,2.9,4,134.4
2012,5,15.2,5.9,1,66.2
2012,6,16.1,8.7,0,136.6
2012,7,18.3,10.9,0,98.0
2012,8,19.9,11.3,0,103.4
2012,9,16.8,8.7,0,116.2
2012,10,12.4,4.4,2,83.6
2012,11,9.2,2.9,6,124.8
2012,12,6.6,1.1,10,99.2
2013,1,5.5,0.8,13,80.9
2013,2,6.0,0.2,13,27.2
2013,3,4.9,-0.2,15,59.4
2013,4,10.9,3.3,3,22.8
2013,5,15.0,5.8,0,100.8
2013,6,18.1,8.9,0,23.0
2013,7,23.2,12.8,0,52.8
2013,8,20.6,11.9,0,71.2
2013,9,17.1,8.8,0,84.6
2013,10,14.4,8.8,0,100.2
2013,11,9.2,2.3,5,54.0
2013,12,8.8,3.1,3,65.4
2014,1,7.1,2.3,6,91.2
2014,2,8.3,2.8,2,61.2
2014,3,10.9,3.2,6,33.0
2014,4,13.4,5.7,2,56.0
2014,5,15.6,7.7,1,78.0
2014,6,19.0,10.3,0,47.2
2014,7,21.8,11.5,0,54.4
2014,8,18.6,10.2,0,79.4
2014,9,18.2,9.9,0,15.8
2014,10,14.9,7.8,0,51.0
2014,11,10.5,4.9,2,63.6
2014,12,8.1,1.9,11,27.0
2015,1,6.7,1.5,10,49.4
2015,2,7.7,1.0,10,15.4
2015,3,10.0,2.2,6,39.8
2015,4,13.7,3.4,2,21.0
2015,5,14.4,6.0,1,70.6
2015,6,17.8,8.0,0,28.4
2015,7,19.1,10.5,0,86.2
2015,8,19.4,11.1,0,81.0
2015,9,16.7,7.6,0,38.0
2015,10,14.2,6.2,0,69.8
2015,11,11.4,5.7,1,104.4
2015,12,10.9,5.0,2,120.2
2016,1,7.2,2.2,10,116.6
2016,2,7.9,0.8,13,30.2
2016,3,9.7,2.3,5,52.4
2016,4,10.9,2.9,2,83.2
2016,5,15.5,7.0,0,39.0
2016,6,17.7,9.4,0,49.8
2016,7,20.2,12.1,0,34.6
2016,8,20.2,12.0,0,69.8
2016,9,19.2,11.3,0,35.6
2016,10,13.8,6.8,0,52.2
2016,11,8.2,1.7,8,86.0
2016,12,9.0,3.1,5,46.4
2017,1,6.5,0.7,16,33.2
2017,2,8.7,2.7,5,57.0
2017,3,11.7,4.1,3,42.4
2017,4,13.6,4.3,3,29.0
2017,5,17.3,8.0,0,19.8
2017,6,19.0,11.1,0,103.4
2017,7,19.2,11.1,0,71.2
2017,8,19.1,10.9,0,49.0
2017,9,16.8,9.3,0,89.4
2017,10,15.3,8.9,0,29.0
2017,11,9.5,2.9,3,85.6
2017,12,7.4,1.4,14,25.4
2018,1,6.7,1.6,8,55.0
2018,2,5.5,-0.2,18,51.0
2018,3,7.3,0.9,12,76.4
2018,4,12.7,5.1,2,75.0
2018,5,18.2,7.1,1,25.3
2018,6,19.9,9.6,0,31.2
2018,7,23.4,12.1,0,48.2
2018,8,20.2,12.1,0,49.8
2018,9,17.6,9.1,0,46.8
2018,10,14.2,5.9,2,53.4
2018,11,10.2,5.0,1,56.4
2018,12,8.6,2.5,5,43.8
2019,1,7.2,1.2,13,15.0
2019,2,10.6,2.2,6,27.6
2019,3,11.1,3.8,1,52.8
2019,4,12.9,3.5,4,30.2
2019,5,15.3,6.0,1,37.2
2019,6,17.5,9.4,0,108.4
2019,7,21.6,12.8,0,70.2
2019,8,20.4,12.5,0,81.2
2019,9,17.6,9.1,0,84.2
2019,10,12.0,5.8,0,88.4
2019,11,8.1,3.2,7,106.6
2019,12,8.0,2.8,7,29.0
2020,1,9.2,3.1,2,33.0
2020,2,8.4,2.3,3,87.2
2020,3,10.5,2.2,7,24.2
2020,4,14.4,4.4,1,3.8
2020,5,17.4,6.9,1,18.0
2020,6,18.2,10.1,0,82.6
2020,7,19.2,11.0,0,55.6
2020,8,19.5,12.1,0,110.8
2020,9,17.2,8.8,0,57.0
2020,10,13.1,6.2,0,94.6
2020,11,11.2,5.1,2,25.6
2020,12,6.8,2.1,7,111.6
2021,1,5.1,-0.4,16,137.2
2021,2,7.4,1.1,10,82.0
2021,3,11.0,3.9,4,24.0
2021,4,12.1,0.7,12,14.4
2021,5,14.3,5.0,2,81.8
2021,6,19.6,10.1,0,28.8
2021,7,21.5,12.8,0,69.0
2021,8,19.4,11.5,0,44.8
2021,9,19.6,11.4,0,44.4
2021,10,14.5,8.1,0,85.6
2021,11,11.0,4.7,3,51.0
2021,12,7.4,2.2,4,71.2
2022,1,8.8,1.6,12,15.8
2022,2,9.4,2.7,2,64.8
2022,3,11.9,2.9,5,41.4
2022,4,13.2,4.1,4,26.6
2022,5,16.4,8.3,0,51.2
2022,6,19.5,10.2,0,39.8
2022,7,22.5,13.3,0,49.2
2022,8,22.6,11.9,0,13.0
2022,9,17.9,10.0,0,99.0
2022,10,15.1,8.5,0,90.0
2022,11,10.4,5.7,4,104.0
2022,12,6.2,0.5,13,60.4
2023,1,7.8,2.0,10,36.6
2023,2,10.0,3.5,4,19.6
2023,3,9.9,2.8,9,53.0
2023,4,12.0,4.0,2,50.0
2023,5,17.1,7.4,0,28.0
2023,6,20.7,10.3,0,50.4
2023,7,19.6,11.8,0,113.6
2023,8,19.6,11.8,0,82.6
2023,9,19.7,11.2,0,53.4
2023,10,13.9,7.5,1,146.8
2023,11,9.8,3.8,4,88.1
2023,12,8.6,3.2,7,115.5
2024,1,7.0,2.0,6,64.2
2024,2,10.1,3.9,5,52.8
2024,3,10.1,4.0,4,51.6
2024,4,12.4,4.8,3,78.8
2024,5,17.4,9.8,0,75.6
2024,6,18.5,9.5,0,24.2
2024,7,19.6,11.4,0,65.6
2024,8,20.1,11.7,0,24.8
2024,9,16.2,9.4,0,97.8
2024,10,14.4,7.2,0,73.0
2024,11,9.8,3.4,9,28.8
2024,12,9.8,4.2,2,55.5
2025,1,6.2,-0.3,15,61.0
2025,2,7.9,2.1,5,33.4
2025,3,12.0,2.5,7,20.8
2025,4,15.1,4.6,2,4.2
2025,5,17.5,7.1,1,23.2
2025,6,20.7,11.6,0,36.0
2025,7,21.7,12.5,0,52.4
2025,8,21.9,12.5,0,23.6
2025,9,17.6,8.8,0,79.0
2025,10,14.0,7.7,0,47.0
2025,11,10.2,4.8,5,135.8
2025,12,8.6,4.0,2,64.0
